Pool name,Sequence
positiveSel_delta_oPool_fw_primers,TGTTTGTGTTCNNGGTGCTGCTGCC
positiveSel_delta_oPool_rev_primers,GGCAGCAGCACCNNGAACACAAACA
positiveSel_delta_oPool_fw_primers,TGCCACTGGTGNNGAGCCAGTGTGT
positiveSel_delta_oPool_rev_primers,ACACACTGGCTCNNCACCAGTGGCA
positiveSel_delta_oPool_fw_primers,CACTGGTGTCCNNGCAGTGTGTGAAC
positiveSel_delta_oPool_rev_primers,GTTCACACACTGCNNGGACACCAGTG
positiveSel_delta_oPool_fw_primers,CAGTGTGTGAACNNGAGAACCAGGACCC
positiveSel_delta_oPool_rev_primers,GGGTCCTGGTTCTCNNGTTCACACACTG
positiveSel_delta_oPool_fw_primers,TGTGTGAACCTGNNGACCAGGACCCAA
positiveSel_delta_oPool_rev_primers,TTGGGTCCTGGTCNNCAGGTTCACACA
positiveSel_delta_oPool_fw_primers,ACCCAACTTCCTNNGGCCTACACCAACT
positiveSel_delta_oPool_rev_primers,AGTTGGTGTAGGCCNNAGGAAGTTGGGT
positiveSel_delta_oPool_fw_primers,CCTCCTGCCTACNNGAACTCCTTCACCA
positiveSel_delta_oPool_rev_primers,TGGTGAAGGAGTTCNNGTAGGCAGGAGG
positiveSel_delta_oPool_fw_primers,CCTCTGTGCTGNNGAGCACCCAGGA
positiveSel_delta_oPool_rev_primers,TCCTGGGTGCTCNNCAGCACAGAGG
positiveSel_delta_oPool_fw_primers,GACCTGGTTCCATNNGATCCATGTGTCTGG
positiveSel_delta_oPool_rev_primers,CCAGACACATGGATCNNATGGAACCAGGTC
positiveSel_delta_oPool_fw_primers,TCCATGCCATCNNGGTGTCTGGCAC
positiveSel_delta_oPool_rev_primers,GTGCCAGACACCNNGATGGCATGGA
positiveSel_delta_oPool_fw_primers,CATGCCATCCATNNGTCTGGCACCAATG
positiveSel_delta_oPool_rev_primers,CATTGGTGCCAGACNNATGGATGGCATG
positiveSel_delta_oPool_fw_primers,GTCTGGCACCAATNNGACCAAGAGGTTTGA
positiveSel_delta_oPool_rev_primers,TCAAACCTCTTGGTCNNATTGGTGCCAGAC
positiveSel_delta_oPool_fw_primers,GGCACCAATGGCNNGAAGAGGTTTGAC
positiveSel_delta_oPool_rev_primers,GTCAAACCTCTTCNNGCCATTGGTGCC
positiveSel_delta_oPool_fw_primers,ACCAAGAGGTTTNNGAACCCTGTGCTGC
positiveSel_delta_oPool_rev_primers,GCAGCACAGGGTTCNNAAACCTCTTGGT
positiveSel_delta_oPool_fw_primers,CTACTTTGCCAGCNNGGAGAAGAGCAACAT
positiveSel_delta_oPool_rev_primers,ATGTTGCTCTTCTCCNNGCTGGCAAAGTAG
positiveSel_delta_oPool_fw_primers,CAGCACAGAGAAGNNGAACATCATCAGGGG
positiveSel_delta_oPool_rev_primers,CCCCTGATGATGTTCNNCTTCTCTGTGCTG
positiveSel_delta_oPool_fw_primers,TCCAGTTCTGTAATNNGCCATTCCTGGACGT
positiveSel_delta_oPool_rev_primers,ACGTCCAGGAATGGCNNATTACAGAACTGGA
positiveSel_delta_oPool_fw_primers,TAATGACCCATTCCTGNNGGTCTACTACCACAAGAA
positiveSel_delta_oPool_rev_primers,TTCTTGTGGTAGTAGACCNNCAGGAATGGGTCATTA
positiveSel_delta_oPool_fw_primers,CATTCCTGGACGTCNNGTACCACAAGAACAAC
positiveSel_delta_oPool_rev_primers,GTTGTTCTTGTGGTACNNGACGTCCAGGAATG
positiveSel_delta_oPool_fw_primers,GAGCCAACCATTCNNGATGGACTTGGAGG
positiveSel_delta_oPool_rev_primers,CCTCCAAGTCCATCNNGAATGGTTGGCTC
positiveSel_delta_oPool_fw_primers,CCATTCCTGATGNNGTTGGAGGGCAAG
positiveSel_delta_oPool_rev_primers,CTTGCCCTCCAACNNCATCAGGAATGG
positiveSel_delta_oPool_fw_primers,ACCTGGTGAGGNNGCTGCCACAGGG
positiveSel_delta_oPool_rev_primers,CCCTGTGGCAGCNNCCTCACCAGGT
positiveSel_delta_oPool_fw_primers,CAGGGCTTCTCTNNGTTGGAACCACTGG
positiveSel_delta_oPool_rev_primers,CCAGTGGTTCCAACNNAGAGAAGCCCTG
positiveSel_delta_oPool_fw_primers,TGACACCTGGANNGTCCTCCTCTGGC
positiveSel_delta_oPool_rev_primers,GCCAGAGGAGGACNNTCCAGGTGTCA
positiveSel_delta_oPool_fw_primers,CACCTGGAGACNNGTCCTCTGGCTG
positiveSel_delta_oPool_rev_primers,CAGCCAGAGGACNNGTCTCCAGGTG
positiveSel_delta_oPool_fw_primers,CTGGAGACTCCNNGTCTGGCTGGACA
positiveSel_delta_oPool_rev_primers,TGTCCAGCCAGACNNGGAGTCTCCAG
positiveSel_delta_oPool_fw_primers,GACTCCTCCTCTNNGTGGACAGCAGGAG
positiveSel_delta_oPool_rev_primers,CTCCTGCTGTCCACNNAGAGGAGGAGTC
positiveSel_delta_oPool_fw_primers,GCTGGACAGCANNGGCAGCAGCCTA
positiveSel_delta_oPool_rev_primers,TAGGCTGCTGCCNNTGCTGTCCAGC
positiveSel_delta_oPool_fw_primers,TGGACAGCAGGANNGGCAGCCTACTATG
positiveSel_delta_oPool_rev_primers,CATAGTAGGCTGCCNNTCCTGCTGTCCA
positiveSel_delta_oPool_fw_primers,CTGAAATCCTTCNNGGTGGAGAAGGGCA
positiveSel_delta_oPool_rev_primers,TGCCCTTCTCCACCNNGAAGGATTTCAG
positiveSel_delta_oPool_fw_primers,TGTTATGGAGTGAGCNNGACCAAACTGAATGAC
positiveSel_delta_oPool_rev_primers,GTCATTCAGTTTGGTCNNGCTCACTCCATAACA
positiveSel_delta_oPool_fw_primers,CTGGACAAACAGGCNNGATTGCTGACTACAA
positiveSel_delta_oPool_rev_primers,TTGTAGTCAGCAATCNNGCCTGTTTGTCCAG
positiveSel_delta_oPool_fw_primers,CCTGGAACAGCNNGAACCTGGACAG
positiveSel_delta_oPool_rev_primers,CTGTCCAGGTTCNNGCTGTTCCAGG
positiveSel_delta_oPool_fw_primers,GGAACAGCAACNNGCTGGACAGCAAG
positiveSel_delta_oPool_rev_primers,CTTGCTGTCCAGCNNGTTGCTGTTCC
positiveSel_delta_oPool_fw_primers,GGCAACTACAACTACNNGTACAGACTGTTCAGGA
positiveSel_delta_oPool_rev_primers,TCCTGAACAGTCTGTACNNGTAGTTGTAGTTGCC
positiveSel_delta_oPool_fw_primers,TTACCAGGCTGGCNNGAAGCCATGTAATG
positiveSel_delta_oPool_rev_primers,CATTACATGGCTTCNNGCCAGCCTGGTAA
positiveSel_delta_oPool_fw_primers,CCATGTAATGGAGTGNNGGGCTTCAACTGTTAC
positiveSel_delta_oPool_rev_primers,GTAACAGTTGAAGCCCNNCACTCCATTACATGG
positiveSel_delta_oPool_fw_primers,TCCAACCAACCNNGGGAGTGGGCTA
positiveSel_delta_oPool_rev_primers,TAGCCCACTCCCNNGGTTGGTTGGA
positiveSel_delta_oPool_fw_primers,TCCATGCCCCTNNGACAGTGTGTGG
positiveSel_delta_oPool_rev_primers,CCACACACTGTCNNAGGGGCATGGA
positiveSel_delta_oPool_fw_primers,GGCAGGGACATTNNGGACACCACAGATG
positiveSel_delta_oPool_rev_primers,CATCTGTGGTGTCCNNAATGTCCCTGCC
positiveSel_delta_oPool_fw_primers,GGACATTGCTGACNNGACAGATGCTGTGA
positiveSel_delta_oPool_rev_primers,TCACAGCATCTGTCNNGTCAGCAATGTCC
positiveSel_delta_oPool_fw_primers,CTGTGCTCTACCAGNNGGTGAACTGTACTGAG
positiveSel_delta_oPool_rev_primers,CTCAGTACAGTTCACCNNCTGGTAGAGCACAG
positiveSel_delta_oPool_fw_primers,ACTGAGGTGCCTNNGGCTATCCATGCT
positiveSel_delta_oPool_rev_primers,AGCATGGATAGCCNNAGGCACCTCAGT
positiveSel_delta_oPool_fw_primers,CTACAGCACAGGCNNGAATGTGTTCCAGA
positiveSel_delta_oPool_rev_primers,TCTGGAACACATTCNNGCCTGTGCTGTAG
positiveSel_delta_oPool_fw_primers,GCTGTCTGATTGGANNGGAGCATGTGAACAA
positiveSel_delta_oPool_rev_primers,TTGTTCACATGCTCCNNTCCAATCAGACAGC
positiveSel_delta_oPool_fw_primers,CTGATTGGAGCAGAGNNGGTGAACAACTCCTAT
positiveSel_delta_oPool_rev_primers,ATAGGAGTTGTTCACCNNCTCTGCTCCAATCAG
positiveSel_delta_oPool_fw_primers,TCCTACCAGACCNNGACCAACAGCAGAA
positiveSel_delta_oPool_rev_primers,TTCTGCTGTTGGTCNNGGTCTGGTAGGA
positiveSel_delta_oPool_fw_primers,CTACCAGACCCAGNNGAACAGCAGAAGGA
positiveSel_delta_oPool_rev_primers,TCCTTCTGCTGTTCNNCTGGGTCTGGTAG
positiveSel_delta_oPool_fw_primers,AGACCCAGACCNNGAGCAGAAGGAGG
positiveSel_delta_oPool_rev_primers,CCTCCTTCTGCTCNNGGTCTGGGTCT
positiveSel_delta_oPool_fw_primers,AGACCAACAGCNNGAGGAGGGCAAG
positiveSel_delta_oPool_rev_primers,CTTGCCCTCCTCNNGCTGTTGGTCT
positiveSel_delta_oPool_fw_primers,CAAGGTCTGTGNNGAGCCAGAGCATC
positiveSel_delta_oPool_rev_primers,GATGCTCTGGCTCNNCACAGACCTTG
positiveSel_delta_oPool_fw_primers,AATGAGTCTGGGANNGGAGAACTCTGTGGC
positiveSel_delta_oPool_rev_primers,GCCACAGAGTTCTCCNNTCCCAGACTCATT
positiveSel_delta_oPool_fw_primers,CATTGCCATCCCANNGAACTTCACCATCTC
positiveSel_delta_oPool_rev_primers,GAGATGGTGAAGTTCNNTGGGATGGCAATG
positiveSel_delta_oPool_fw_primers,CAGGGCTCTGACANNGATTGCTGTGGAAC
positiveSel_delta_oPool_rev_primers,GTTCCACAGCAATCNNTGTCAGAGCCCTG
positiveSel_delta_oPool_fw_primers,CTGACAGGCATTNNGGTGGAACAGGACA
positiveSel_delta_oPool_rev_primers,TGTCCTGTTCCACCNNAATGCCTGTCAG
positiveSel_delta_oPool_fw_primers,CACCTCCAATCAAGNNGTTTGGAGGCTTCAA
positiveSel_delta_oPool_rev_primers,TTGAAGCCTCCAAACNNCTTGATTGGAGGTG
positiveSel_delta_oPool_fw_primers,CCAAGCAAGCCANNGAAGAGGTCCTTCA
positiveSel_delta_oPool_rev_primers,TGAAGGACCTCTTCNNTGGCTTGCTTGG
positiveSel_delta_oPool_fw_primers,TGGGAGACATTNNGGCCAGGGACCT
positiveSel_delta_oPool_rev_primers,AGGTCCCTGGCCNNAATGTCTCCCA
positiveSel_delta_oPool_fw_primers,GGGAGACATTGCTNNGAGGGACCTGATTTG
positiveSel_delta_oPool_rev_primers,CAAATCAGGTCCCTCNNAGCAATGTCTCCC
positiveSel_delta_oPool_fw_primers,TCAATGGACTGNNGGTGCTGCCTCC
positiveSel_delta_oPool_rev_primers,GGAGGCAGCACCNNCAGTCCATTGA
positiveSel_delta_oPool_fw_primers,GGCAAGATTCAGNNGTCCCTGTCCAGC
positiveSel_delta_oPool_rev_primers,GCTGGACAGGGACNNCTGAATCTTGCC
positiveSel_delta_oPool_fw_primers,AGGACTCCCTGNNGAGCACAGCCTC
positiveSel_delta_oPool_rev_primers,GAGGCTGTGCTCNNCAGGGAGTCCT
positiveSel_delta_oPool_fw_primers,CCAGCACAGCCNNGGCCCTGGGCAA
positiveSel_delta_oPool_rev_primers,TTGCCCAGGGCCNNGGCTGTGCTGG
positiveSel_delta_oPool_fw_primers,GGCAAACTCCAANNGGTGGTGAACCAGA
positiveSel_delta_oPool_rev_primers,TCTGGTTCACCACCNNTTGGAGTTTGCC
positiveSel_delta_oPool_fw_primers,TGAATGACATCCTGNNGAGACTGGACAAGGTG
positiveSel_delta_oPool_rev_primers,CACCTTGTCCAGTCTCNNCAGGATGTCATTCA
positiveSel_delta_oPool_fw_primers,GCTGAGATTAGGNNGTCTGCCAACCTGG
positiveSel_delta_oPool_rev_primers,CCAGGTTGGCAGACNNCCTAATCTCAGC
positiveSel_delta_oPool_fw_primers,AACCTGGCTGCCNNGAAGATGAGTGAG
positiveSel_delta_oPool_rev_primers,CTCACTCATCTTCNNGGCAGCCAGGTT
positiveSel_delta_oPool_fw_primers,TGGAGTGGTGTTCNNGCATGTGACCTATG
positiveSel_delta_oPool_rev_primers,CATAGGTCACATGCNNGAACACCACTCCA
positiveSel_delta_oPool_fw_primers,CATGTGACCTATNNGCCTGCCCAGGAG
positiveSel_delta_oPool_rev_primers,CTCCTGGGCAGGCNNATAGGTCACATG
positiveSel_delta_oPool_fw_primers,ACTTCACCACANNGCCTGCCATCTGC
positiveSel_delta_oPool_rev_primers,GCAGATGGCAGGCNNTGTGGTGAAGT
positiveSel_delta_oPool_fw_primers,CCACAGATTATCACCNNGGACAACACCTTTGTG
positiveSel_delta_oPool_rev_primers,CACAAAGGTGTTGTCCNNGGTGATAATCTGTGG
positiveSel_delta_oPool_fw_primers,ACAGATTATCACCACANNGAACACCTTTGTGTCTG
positiveSel_delta_oPool_rev_primers,CAGACACAAAGGTGTTCNNTGTGGTGATAATCTGT
positiveSel_delta_oPool_fw_primers,ACACCAGCCCTNNGGTGGACCTGGG
positiveSel_delta_oPool_rev_primers,CCCAGGTCCACCNNAGGGCTGGTGT
positiveSel_delta_oPool_fw_primers,GATGTGGACCTGNNGGACATCTCTGGC
positiveSel_delta_oPool_rev_primers,GCCAGAGATGTCCNNCAGGTCCACATC
positiveSel_delta_oPool_fw_primers,GCATCAATGCCTCTNNGGTGAACATCCAGAA
positiveSel_delta_oPool_rev_primers,TTCTGGATGTTCACCNNAGAGGCATTGATGC
positiveSel_delta_oPool_fw_primers,TGAATGAGGTGGCTNNGAACCTGAATGAGTC
positiveSel_delta_oPool_rev_primers,GACTCATTCAGGTTCNNAGCCACCTCATTCA
positiveSel_delta_oPool_fw_primers,GTACATCTGGCTGNNGTTCATTGCTGGACT
positiveSel_delta_oPool_rev_primers,AGTCCAGCAATGAACNNCAGCCAGATGTAC
positiveSel_delta_oPool_fw_primers,GGACTGATTGCCATTNNGATGGTGACCATAATG
positiveSel_delta_oPool_rev_primers,CATTATGGTCACCATCNNAATGGCAATCAGTCC
positiveSel_delta_oPool_fw_primers,TTGTTCCTGTGGCNNGTGAtaatgaggcg
positiveSel_delta_oPool_rev_primers,cgcctcattaTCACNNGCCACAGGAACAA
positiveSel_delta_oPool_fw_primers,TGTTTGTGTTCNNCGTGCTGCTGCC
positiveSel_delta_oPool_rev_primers,GGCAGCAGCACGNNGAACACAAACA
positiveSel_delta_oPool_fw_primers,TGCCACTGGTGNNCAGCCAGTGTGT
positiveSel_delta_oPool_rev_primers,ACACACTGGCTGNNCACCAGTGGCA
positiveSel_delta_oPool_fw_primers,CCACTGGTGTCCNNCCAGTGTGTGAAC
positiveSel_delta_oPool_rev_primers,GTTCACACACTGGNNGGACACCAGTGG
positiveSel_delta_oPool_fw_primers,CAGTGTGTGAACNNCAGAACCAGGACCC
positiveSel_delta_oPool_rev_primers,GGGTCCTGGTTCTGNNGTTCACACACTG
positiveSel_delta_oPool_fw_primers,GTGTGAACCTGNNCACCAGGACCCAA
positiveSel_delta_oPool_rev_primers,TTGGGTCCTGGTGNNCAGGTTCACAC
positiveSel_delta_oPool_fw_primers,ACCCAACTTCCTNNCGCCTACACCAACT
positiveSel_delta_oPool_rev_primers,AGTTGGTGTAGGCGNNAGGAAGTTGGGT
positiveSel_delta_oPool_fw_primers,CCTCCTGCCTACNNCAACTCCTTCACCA
positiveSel_delta_oPool_rev_primers,TGGTGAAGGAGTTGNNGTAGGCAGGAGG
positiveSel_delta_oPool_fw_primers,CCTCTGTGCTGNNCAGCACCCAGGA
positiveSel_delta_oPool_rev_primers,TCCTGGGTGCTGNNCAGCACAGAGG
positiveSel_delta_oPool_fw_primers,GACCTGGTTCCATNNCATCCATGTGTCTGG
positiveSel_delta_oPool_rev_primers,CCAGACACATGGATGNNATGGAACCAGGTC
positiveSel_delta_oPool_fw_primers,TCCATGCCATCNNCGTGTCTGGCAC
positiveSel_delta_oPool_rev_primers,GTGCCAGACACGNNGATGGCATGGA
positiveSel_delta_oPool_fw_primers,CATGCCATCCATNNCTCTGGCACCAATG
positiveSel_delta_oPool_rev_primers,CATTGGTGCCAGAGNNATGGATGGCATG
positiveSel_delta_oPool_fw_primers,GTCTGGCACCAATNNCACCAAGAGGTTTGA
positiveSel_delta_oPool_rev_primers,TCAAACCTCTTGGTGNNATTGGTGCCAGAC
positiveSel_delta_oPool_fw_primers,GGCACCAATGGCNNCAAGAGGTTTGAC
positiveSel_delta_oPool_rev_primers,GTCAAACCTCTTGNNGCCATTGGTGCC
positiveSel_delta_oPool_fw_primers,ACCAAGAGGTTTNNCAACCCTGTGCTGC
positiveSel_delta_oPool_rev_primers,GCAGCACAGGGTTGNNAAACCTCTTGGT
positiveSel_delta_oPool_fw_primers,CTACTTTGCCAGCNNCGAGAAGAGCAACAT
positiveSel_delta_oPool_rev_primers,ATGTTGCTCTTCTCGNNGCTGGCAAAGTAG
positiveSel_delta_oPool_fw_primers,CAGCACAGAGAAGNNCAACATCATCAGGGG
positiveSel_delta_oPool_rev_primers,CCCCTGATGATGTTGNNCTTCTCTGTGCTG
positiveSel_delta_oPool_fw_primers,TTCCAGTTCTGTAATNNCCCATTCCTGGACGTC
positiveSel_delta_oPool_rev_primers,GACGTCCAGGAATGGGNNATTACAGAACTGGAA
positiveSel_delta_oPool_fw_primers,ATGACCCATTCCTGNNCGTCTACTACCACAAG
positiveSel_delta_oPool_rev_primers,CTTGTGGTAGTAGACGNNCAGGAATGGGTCAT
positiveSel_delta_oPool_fw_primers,CATTCCTGGACGTCNNCTACCACAAGAACAAC
positiveSel_delta_oPool_rev_primers,GTTGTTCTTGTGGTAGNNGACGTCCAGGAATG
positiveSel_delta_oPool_fw_primers,GAGCCAACCATTCNNCATGGACTTGGAGG
positiveSel_delta_oPool_rev_primers,CCTCCAAGTCCATGNNGAATGGTTGGCTC
positiveSel_delta_oPool_fw_primers,CCATTCCTGATGNNCTTGGAGGGCAAG
positiveSel_delta_oPool_rev_primers,CTTGCCCTCCAAGNNCATCAGGAATGG
positiveSel_delta_oPool_fw_primers,ACCTGGTGAGGNNCCTGCCACAGGG
positiveSel_delta_oPool_rev_primers,CCCTGTGGCAGGNNCCTCACCAGGT
positiveSel_delta_oPool_fw_primers,CAGGGCTTCTCTNNCTTGGAACCACTGG
positiveSel_delta_oPool_rev_primers,CCAGTGGTTCCAAGNNAGAGAAGCCCTG
positiveSel_delta_oPool_fw_primers,TGACACCTGGANNCTCCTCCTCTGGC
positiveSel_delta_oPool_rev_primers,GCCAGAGGAGGAGNNTCCAGGTGTCA
positiveSel_delta_oPool_fw_primers,CACCTGGAGACNNCTCCTCTGGCTG
positiveSel_delta_oPool_rev_primers,CAGCCAGAGGAGNNGTCTCCAGGTG
positiveSel_delta_oPool_fw_primers,CTGGAGACTCCNNCTCTGGCTGGACA
positiveSel_delta_oPool_rev_primers,TGTCCAGCCAGAGNNGGAGTCTCCAG
positiveSel_delta_oPool_fw_primers,GACTCCTCCTCTNNCTGGACAGCAGGAG
positiveSel_delta_oPool_rev_primers,CTCCTGCTGTCCAGNNAGAGGAGGAGTC
positiveSel_delta_oPool_fw_primers,GCTGGACAGCANNCGCAGCAGCCTA
positiveSel_delta_oPool_rev_primers,TAGGCTGCTGCGNNTGCTGTCCAGC
positiveSel_delta_oPool_fw_primers,TGGACAGCAGGANNCGCAGCCTACTAT
positiveSel_delta_oPool_rev_primers,ATAGTAGGCTGCGNNTCCTGCTGTCCA
positiveSel_delta_oPool_fw_primers,CTGAAATCCTTCNNCGTGGAGAAGGGCA
positiveSel_delta_oPool_rev_primers,TGCCCTTCTCCACGNNGAAGGATTTCAG
positiveSel_delta_oPool_fw_primers,TGTTATGGAGTGAGCNNCACCAAACTGAATGAC
positiveSel_delta_oPool_rev_primers,GTCATTCAGTTTGGTGNNGCTCACTCCATAACA
positiveSel_delta_oPool_fw_primers,CTGGACAAACAGGCNNCATTGCTGACTACAA
positiveSel_delta_oPool_rev_primers,TTGTAGTCAGCAATGNNGCCTGTTTGTCCAG
positiveSel_delta_oPool_fw_primers,CCTGGAACAGCNNCAACCTGGACAG
positiveSel_delta_oPool_rev_primers,CTGTCCAGGTTGNNGCTGTTCCAGG
positiveSel_delta_oPool_fw_primers,TGGAACAGCAACNNCCTGGACAGCAAG
positiveSel_delta_oPool_rev_primers,CTTGCTGTCCAGGNNGTTGCTGTTCCA
positiveSel_delta_oPool_fw_primers,GGCAACTACAACTACNNCTACAGACTGTTCAGGA
positiveSel_delta_oPool_rev_primers,TCCTGAACAGTCTGTAGNNGTAGTTGTAGTTGCC
positiveSel_delta_oPool_fw_primers,TTACCAGGCTGGCNNCAAGCCATGTAATG
positiveSel_delta_oPool_rev_primers,CATTACATGGCTTGNNGCCAGCCTGGTAA
positiveSel_delta_oPool_fw_primers,CATGTAATGGAGTGNNCGGCTTCAACTGTTAC
positiveSel_delta_oPool_rev_primers,GTAACAGTTGAAGCCGNNCACTCCATTACATG
positiveSel_delta_oPool_fw_primers,TCCAACCAACCNNCGGAGTGGGCTA
positiveSel_delta_oPool_rev_primers,TAGCCCACTCCGNNGGTTGGTTGGA
positiveSel_delta_oPool_fw_primers,TCCATGCCCCTNNCACAGTGTGTGG
positiveSel_delta_oPool_rev_primers,CCACACACTGTGNNAGGGGCATGGA
positiveSel_delta_oPool_fw_primers,GGCAGGGACATTNNCGACACCACAGATG
positiveSel_delta_oPool_rev_primers,CATCTGTGGTGTCGNNAATGTCCCTGCC
positiveSel_delta_oPool_fw_primers,GGACATTGCTGACNNCACAGATGCTGTGA
positiveSel_delta_oPool_rev_primers,TCACAGCATCTGTGNNGTCAGCAATGTCC
positiveSel_delta_oPool_fw_primers,TGTGCTCTACCAGNNCGTGAACTGTACTGA
positiveSel_delta_oPool_rev_primers,TCAGTACAGTTCACGNNCTGGTAGAGCACA
positiveSel_delta_oPool_fw_primers,CTGAGGTGCCTNNCGCTATCCATGCT
positiveSel_delta_oPool_rev_primers,AGCATGGATAGCGNNAGGCACCTCAG
positiveSel_delta_oPool_fw_primers,CTACAGCACAGGCNNCAATGTGTTCCAGA
positiveSel_delta_oPool_rev_primers,TCTGGAACACATTGNNGCCTGTGCTGTAG
positiveSel_delta_oPool_fw_primers,GCTGTCTGATTGGANNCGAGCATGTGAACAA
positiveSel_delta_oPool_rev_primers,TTGTTCACATGCTCGNNTCCAATCAGACAGC
positiveSel_delta_oPool_fw_primers,TGATTGGAGCAGAGNNCGTGAACAACTCCTAT
positiveSel_delta_oPool_rev_primers,ATAGGAGTTGTTCACGNNCTCTGCTCCAATCA
positiveSel_delta_oPool_fw_primers,CTCCTACCAGACCNNCACCAACAGCAGAA
positiveSel_delta_oPool_rev_primers,TTCTGCTGTTGGTGNNGGTCTGGTAGGAG
positiveSel_delta_oPool_fw_primers,TACCAGACCCAGNNCAACAGCAGAAGGA
positiveSel_delta_oPool_rev_primers,TCCTTCTGCTGTTGNNCTGGGTCTGGTA
positiveSel_delta_oPool_fw_primers,AGACCCAGACCNNCAGCAGAAGGAGG
positiveSel_delta_oPool_rev_primers,CCTCCTTCTGCTGNNGGTCTGGGTCT
positiveSel_delta_oPool_fw_primers,AGACCAACAGCNNCAGGAGGGCAAG
positiveSel_delta_oPool_rev_primers,CTTGCCCTCCTGNNGCTGTTGGTCT
positiveSel_delta_oPool_fw_primers,CAAGGTCTGTGNNCAGCCAGAGCATC
positiveSel_delta_oPool_rev_primers,GATGCTCTGGCTGNNCACAGACCTTG
positiveSel_delta_oPool_fw_primers,AATGAGTCTGGGANNCGAGAACTCTGTGG
positiveSel_delta_oPool_rev_primers,CCACAGAGTTCTCGNNTCCCAGACTCATT
positiveSel_delta_oPool_fw_primers,CATTGCCATCCCANNCAACTTCACCATCTC
positiveSel_delta_oPool_rev_primers,GAGATGGTGAAGTTGNNTGGGATGGCAATG
positiveSel_delta_oPool_fw_primers,AGGGCTCTGACANNCATTGCTGTGGAAC
positiveSel_delta_oPool_rev_primers,GTTCCACAGCAATGNNTGTCAGAGCCCT
positiveSel_delta_oPool_fw_primers,CTGACAGGCATTNNCGTGGAACAGGACA
positiveSel_delta_oPool_rev_primers,TGTCCTGTTCCACGNNAATGCCTGTCAG
positiveSel_delta_oPool_fw_primers,CACCTCCAATCAAGNNCTTTGGAGGCTTCAA
positiveSel_delta_oPool_rev_primers,TTGAAGCCTCCAAAGNNCTTGATTGGAGGTG
positiveSel_delta_oPool_fw_primers,CCAAGCAAGCCANNCAAGAGGTCCTTCA
positiveSel_delta_oPool_rev_primers,TGAAGGACCTCTTGNNTGGCTTGCTTGG
positiveSel_delta_oPool_fw_primers,TGGGAGACATTNNCGCCAGGGACCT
positiveSel_delta_oPool_rev_primers,AGGTCCCTGGCGNNAATGTCTCCCA
positiveSel_delta_oPool_fw_primers,GGGAGACATTGCTNNCAGGGACCTGATTTG
positiveSel_delta_oPool_rev_primers,CAAATCAGGTCCCTGNNAGCAATGTCTCCC
positiveSel_delta_oPool_fw_primers,TCAATGGACTGNNCGTGCTGCCTCC
positiveSel_delta_oPool_rev_primers,GGAGGCAGCACGNNCAGTCCATTGA
positiveSel_delta_oPool_fw_primers,GCAAGATTCAGNNCTCCCTGTCCAGC
positiveSel_delta_oPool_rev_primers,GCTGGACAGGGAGNNCTGAATCTTGC
positiveSel_delta_oPool_fw_primers,AGGACTCCCTGNNCAGCACAGCCTC
positiveSel_delta_oPool_rev_primers,GAGGCTGTGCTGNNCAGGGAGTCCT
positiveSel_delta_oPool_fw_primers,CCAGCACAGCCNNCGCCCTGGGCAA
positiveSel_delta_oPool_rev_primers,TTGCCCAGGGCGNNGGCTGTGCTGG
positiveSel_delta_oPool_fw_primers,GGCAAACTCCAANNCGTGGTGAACCAGA
positiveSel_delta_oPool_rev_primers,TCTGGTTCACCACGNNTTGGAGTTTGCC
positiveSel_delta_oPool_fw_primers,TGAATGACATCCTGNNCAGACTGGACAAGGT
positiveSel_delta_oPool_rev_primers,ACCTTGTCCAGTCTGNNCAGGATGTCATTCA
positiveSel_delta_oPool_fw_primers,GCTGAGATTAGGNNCTCTGCCAACCTGG
positiveSel_delta_oPool_rev_primers,CCAGGTTGGCAGAGNNCCTAATCTCAGC
positiveSel_delta_oPool_fw_primers,AACCTGGCTGCCNNCAAGATGAGTGAG
positiveSel_delta_oPool_rev_primers,CTCACTCATCTTGNNGGCAGCCAGGTT
positiveSel_delta_oPool_fw_primers,ATGGAGTGGTGTTCNNCCATGTGACCTATGT
positiveSel_delta_oPool_rev_primers,ACATAGGTCACATGGNNGAACACCACTCCAT
positiveSel_delta_oPool_fw_primers,CATGTGACCTATNNCCCTGCCCAGGAGA
positiveSel_delta_oPool_rev_primers,TCTCCTGGGCAGGGNNATAGGTCACATG
positiveSel_delta_oPool_fw_primers,AACTTCACCACANNCCCTGCCATCTGC
positiveSel_delta_oPool_rev_primers,GCAGATGGCAGGGNNTGTGGTGAAGTT
positiveSel_delta_oPool_fw_primers,CCACAGATTATCACCNNCGACAACACCTTTGTG
positiveSel_delta_oPool_rev_primers,CACAAAGGTGTTGTCGNNGGTGATAATCTGTGG
positiveSel_delta_oPool_fw_primers,ACAGATTATCACCACANNCAACACCTTTGTGTCTG
positiveSel_delta_oPool_rev_primers,CAGACACAAAGGTGTTGNNTGTGGTGATAATCTGT
positiveSel_delta_oPool_fw_primers,ACACCAGCCCTNNCGTGGACCTGGG
positiveSel_delta_oPool_rev_primers,CCCAGGTCCACGNNAGGGCTGGTGT
positiveSel_delta_oPool_fw_primers,GATGTGGACCTGNNCGACATCTCTGGC
positiveSel_delta_oPool_rev_primers,GCCAGAGATGTCGNNCAGGTCCACATC
positiveSel_delta_oPool_fw_primers,GCATCAATGCCTCTNNCGTGAACATCCAGAA
positiveSel_delta_oPool_rev_primers,TTCTGGATGTTCACGNNAGAGGCATTGATGC
positiveSel_delta_oPool_fw_primers,TGAATGAGGTGGCTNNCAACCTGAATGAGTC
positiveSel_delta_oPool_rev_primers,GACTCATTCAGGTTGNNAGCCACCTCATTCA
positiveSel_delta_oPool_fw_primers,GTACATCTGGCTGNNCTTCATTGCTGGACT
positiveSel_delta_oPool_rev_primers,AGTCCAGCAATGAAGNNCAGCCAGATGTAC
positiveSel_delta_oPool_fw_primers,GGACTGATTGCCATTNNCATGGTGACCATAATG
positiveSel_delta_oPool_rev_primers,CATTATGGTCACCATGNNAATGGCAATCAGTCC
positiveSel_delta_oPool_fw_primers,TTGTTCCTGTGGCNNCTGAtaatgaggcg
positiveSel_delta_oPool_rev_primers,cgcctcattaTCAGNNGCCACAGGAACAA
